{
  "name": "Raleway",
  "designer": "Multiple Designers",
  "license": "OFL",
  "visibility": "External",
  "category": "Sans Serif",
  "size": 60746,
  "fonts": [
    {
      "name": "Raleway",
      "style": "normal",
      "weight": 900,
      "filename": "Raleway-Black.ttf",
      "postScriptName": "Raleway-Black",
      "fullName": "Raleway Black",
      "copyright": "Copyright (c) 2010 - 2013, Matt McInerney (matt@pixelspread.com), Pablo Impallari (impallari@gmail.com), Rodrigo Fuenzalida (hello@rfuenzalida.com) with Reserved Font Name \"Raleway\""
    },
    {
      "name": "Raleway",
      "style": "italic",
      "weight": 900,
      "filename": "Raleway-BlackItalic.ttf",
      "postScriptName": "Raleway-BlackItalic",
      "fullName": "Raleway Black Italic",
      "copyright": "Copyright (c) 2010 - 2012, Matt McInerney (matt@pixelspread.com), Pablo Impallari (impallari@gmail.com), Rodrigo Fuenzalida (hello@rfuenzalida.com) with Reserved Font Name \"Raleway\""
    },
    {
      "name": "Raleway",
      "style": "normal",
      "weight": 700,
      "filename": "Raleway-Bold.ttf",
      "postScriptName": "Raleway-Bold",
      "fullName": "Raleway Bold",
      "copyright": "Copyright (c) 2010 - 2013, Matt McInerney (matt@pixelspread.com), Pablo Impallari (impallari@gmail.com), Rodrigo Fuenzalida (hello@rfuenzalida.com) with Reserved Font Name \"Raleway\""
    },
    {
      "name": "Raleway",
      "style": "italic",
      "weight": 700,
      "filename": "Raleway-BoldItalic.ttf",
      "postScriptName": "Raleway-BoldItalic",
      "fullName": "Raleway Bold Italic",
      "copyright": "Copyright (c) 2010 - 2012, Matt McInerney (matt@pixelspread.com), Pablo Impallari (impallari@gmail.com), Rodrigo Fuenzalida (hello@rfuenzalida.com) with Reserved Font Name \"Raleway\""
    },
    {
      "name": "Raleway",
      "style": "normal",
      "weight": 800,
      "filename": "Raleway-ExtraBold.ttf",
      "postScriptName": "Raleway-ExtraBold",
      "fullName": "Raleway ExtraBold",
      "copyright": "Copyright (c) 2010 - 2013, Matt McInerney (matt@pixelspread.com), Pablo Impallari (impallari@gmail.com), Rodrigo Fuenzalida (hello@rfuenzalida.com) with Reserved Font Name \"Raleway\""
    },
    {
      "name": "Raleway",
      "style": "italic",
      "weight": 800,
      "filename": "Raleway-ExtraBoldItalic.ttf",
      "postScriptName": "Raleway-ExtraBoldItalic",
      "fullName": "Raleway ExtraBold Italic",
      "copyright": "Copyright (c) 2010 - 2012, Matt McInerney (matt@pixelspread.com), Pablo Impallari (impallari@gmail.com), Rodrigo Fuenzalida (hello@rfuenzalida.com) with Reserved Font Name \"Raleway\""
    },
    {
      "name": "Raleway",
      "style": "normal",
      "weight": 200,
      "filename": "Raleway-ExtraLight.ttf",
      "postScriptName": "Raleway-ExtraLight",
      "fullName": "Raleway ExtraLight",
      "copyright": "Copyright (c) 2010 - 2013, Matt McInerney (matt@pixelspread.com), Pablo Impallari (impallari@gmail.com), Rodrigo Fuenzalida (hello@rfuenzalida.com) with Reserved Font Name \"Raleway\""
    },
    {
      "name": "Raleway",
      "style": "italic",
      "weight": 200,
      "filename": "Raleway-ExtraLightItalic.ttf",
      "postScriptName": "Raleway-ExtraLightItalic",
      "fullName": "Raleway ExtraLight Italic",
      "copyright": "Copyright (c) 2010 - 2012, Matt McInerney (matt@pixelspread.com), Pablo Impallari (impallari@gmail.com), Rodrigo Fuenzalida (hello@rfuenzalida.com) with Reserved Font Name \"Raleway\""
    },
    {
      "name": "Raleway",
      "style": "italic",
      "weight": 400,
      "filename": "Raleway-Italic.ttf",
      "postScriptName": "Raleway-Italic",
      "fullName": "Raleway Italic",
      "copyright": "Copyright (c) 2010 - 2012, Matt McInerney (matt@pixelspread.com), Pablo Impallari (impallari@gmail.com), Rodrigo Fuenzalida (hello@rfuenzalida.com) with Reserved Font Name \"Raleway\""
    },
    {
      "name": "Raleway",
      "style": "normal",
      "weight": 300,
      "filename": "Raleway-Light.ttf",
      "postScriptName": "Raleway-Light",
      "fullName": "Raleway Light",
      "copyright": "Copyright (c) 2010 - 2013, Matt McInerney (matt@pixelspread.com), Pablo Impallari (impallari@gmail.com), Rodrigo Fuenzalida (hello@rfuenzalida.com) with Reserved Font Name \"Raleway\""
    },
    {
      "name": "Raleway",
      "style": "italic",
      "weight": 300,
      "filename": "Raleway-LightItalic.ttf",
      "postScriptName": "Raleway-LightItalic",
      "fullName": "Raleway Light Italic",
      "copyright": "Copyright (c) 2010 - 2012, Matt McInerney (matt@pixelspread.com), Pablo Impallari (impallari@gmail.com), Rodrigo Fuenzalida (hello@rfuenzalida.com) with Reserved Font Name \"Raleway\""
    },
    {
      "name": "Raleway",
      "style": "normal",
      "weight": 500,
      "filename": "Raleway-Medium.ttf",
      "postScriptName": "Raleway-Medium",
      "fullName": "Raleway Medium",
      "copyright": "Copyright (c) 2010 - 2013, Matt McInerney (matt@pixelspread.com), Pablo Impallari (impallari@gmail.com), Rodrigo Fuenzalida (hello@rfuenzalida.com) with Reserved Font Name \"Raleway\""
    },
    {
      "name": "Raleway",
      "style": "italic",
      "weight": 500,
      "filename": "Raleway-MediumItalic.ttf",
      "postScriptName": "Raleway-MediumItalic",
      "fullName": "Raleway Medium Italic",
      "copyright": "Copyright (c) 2010 - 2012, Matt McInerney (matt@pixelspread.com), Pablo Impallari (impallari@gmail.com), Rodrigo Fuenzalida (hello@rfuenzalida.com) with Reserved Font Name \"Raleway\""
    },
    {
      "name": "Raleway",
      "style": "normal",
      "weight": 400,
      "filename": "Raleway-Regular.ttf",
      "postScriptName": "Raleway-Regular",
      "fullName": "Raleway Regular",
      "copyright": "Copyright (c) 2010 - 2013, Matt McInerney (matt@pixelspread.com), Pablo Impallari (impallari@gmail.com), Rodrigo Fuenzalida (hello@rfuenzalida.com) with Reserved Font Name \"Raleway\""
    },
    {
      "name": "Raleway",
      "style": "normal",
      "weight": 600,
      "filename": "Raleway-SemiBold.ttf",
      "postScriptName": "Raleway-SemiBold",
      "fullName": "Raleway SemiBold",
      "copyright": "Copyright (c) 2010 - 2013, Matt McInerney (matt@pixelspread.com), Pablo Impallari (impallari@gmail.com), Rodrigo Fuenzalida (hello@rfuenzalida.com) with Reserved Font Name \"Raleway\""
    },
    {
      "name": "Raleway",
      "style": "italic",
      "weight": 600,
      "filename": "Raleway-SemiBoldItalic.ttf",
      "postScriptName": "Raleway-SemiBoldItalic",
      "fullName": "Raleway SemiBold Italic",
      "copyright": "Copyright (c) 2010 - 2012, Matt McInerney (matt@pixelspread.com), Pablo Impallari (impallari@gmail.com), Rodrigo Fuenzalida (hello@rfuenzalida.com) with Reserved Font Name \"Raleway\""
    },
    {
      "name": "Raleway",
      "style": "normal",
      "weight": 100,
      "filename": "Raleway-Thin.ttf",
      "postScriptName": "Raleway-Thin",
      "fullName": "Raleway Thin",
      "copyright": "Copyright (c) 2010 - 2013, Matt McInerney (matt@pixelspread.com), Pablo Impallari (impallari@gmail.com), Rodrigo Fuenzalida (hello@rfuenzalida.com) with Reserved Font Name \"Raleway\""
    },
    {
      "name": "Raleway",
      "style": "italic",
      "weight": 100,
      "filename": "Raleway-ThinItalic.ttf",
      "postScriptName": "Raleway-ThinItalic",
      "fullName": "Raleway Thin Italic",
      "copyright": "Copyright (c) 2010 - 2012, Matt McInerney (matt@pixelspread.com), Pablo Impallari (impallari@gmail.com), Rodrigo Fuenzalida (hello@rfuenzalida.com) with Reserved Font Name \"Raleway\""
    }
  ],
  "subsets": [
    "cyrillic",
    "latin",
    "latin-ext",
    "menu"
  ],
  "dateAdded": "2012-09-07"
}
